,TRACTCE,Disadvantage,Medfaminc,SNAP%,PovertyRate,mrFEI,mrFEI_food_desert_swamp,mrFEI_food_desert,TargetLabel,mrFEI_food_desert_swamp_cluster_desert
0,057800,0.253814667,87500.0,0.276615113,21.6,0.2916666666666667,0,0,1,1
1,037000,0.21440649,87813.0,0.178423241,15.6,0.2857142857142857,0,0,0,0
2,019900,0.079001069,161250.0,0.049124788,12.4,0.375,0,0,0,0
3,040000,0.199685946,52750.0,0.223123729,13.4,0.2142857142857142,0,0,0,0
4,098200,0.521627605,24956.0,0.475323141,46.8,0.4,0,0,1,1
5,082000,0.281493217,44265.0,0.315959424,26.8,0.4285714285714285,0,0,1,1
6,079801,0.114878468,103608.0,0.09786354,8.8,0.25,0,0,0,0
7,019800,0.176359043,65833.0,0.191693291,13.9,0.375,0,0,0,0
8,036900,0.378740996,43081.0,0.332660466,31.2,0.3793103448275862,0,0,1,1
9,052900,0.504637659,27070.0,0.45847553,42.9,0.6153846153846154,0,0,1,1
10,015500,0.030735711,226125.0,0.029224904,5.1,0.0714285714285714,1,0,0,1
11,018700,0.090816565,165192.0,0.07751938,21.3,0.25,0,0,0,0
12,044600,0.223550186,59886.0,0.218800649,23.6,0.6666666666666666,0,0,1,1
13,050500,0.363037199,41149.0,0.359239131,28.6,0.3333333333333333,0,0,1,1
14,05100,0.019915808,162841.0,0.005535055,5.2,0.0555555555555555,1,0,0,1
15,045800,0.102080859,102250.0,0.118503116,10.3,0.0,1,1,0,1
16,046202,0.183496878,101250.0,0.183566436,25.2,0.0,1,1,0,1
17,057400,0.15960665,78224.0,0.161478594,8.6,0.0769230769230769,1,0,0,1
18,0900,0.029612385,250001.0,0.045096323,6.4,0.238095238095238,0,0,0,0
19,098400,0.048070937,98548.0,0.033285093,6.0,0.8,0,0,0,0
20,098600,0.123781033,86339.0,0.100204498,10.0,0.5,0,0,0,0
21,0100600,0.0877776,101218.0,0.018378379,13.8,0.0,1,1,0,1
22,029100,0.133453637,85474.0,0.173712522,8.6,0.25,0,0,0,0
23,040300,0.339208037,53375.0,0.3356269,29.7,0.5625,0,0,1,1
24,04100,0.072927736,250001.0,0.081554875,7.2,0.4666666666666667,0,0,0,0
25,039200,0.190357164,62096.0,0.238961041,20.9,0.3809523809523809,0,0,0,0
26,072600,0.072741248,84102.0,0.083076924,1.5,0.0,1,1,0,1
27,021000,0.332503825,38643.0,0.184230477,24.6,0.4545454545454545,0,0,1,1
28,015200,0.170357823,89350.0,0.131524011,4.9,0.0,1,1,0,1
29,020200,0.14846763,109615.0,0.087947883,8.5,0.0,1,1,0,1
30,020600,0.170273319,107083.0,0.135922328,7.5,0.2,0,0,0,0
31,0109800,0.237444609,50641.0,0.130898029,26.2,0.6666666666666666,0,0,0,0
32,038500,0.1370188,105993.0,0.200000003,10.6,0.25,0,0,0,0
33,047700,0.083727725,156897.0,0.035190616,7.9,0.5714285714285714,0,0,0,0
34,048000,0.422759622,46071.0,0.443434358,33.6,0.5,0,0,1,1
35,036502,0.290605754,64241.0,0.268389672,35.0,0.3333333333333333,0,0,1,1
36,018000,0.170630231,81875.0,0.194366202,9.7,0.3,0,0,0,0
37,018300,0.064754508,158293.0,0.020654045,9.9,0.2058823529411764,0,0,0,0
38,074200,0.187793359,64545.0,0.217975199,10.2,0.1428571428571428,0,0,0,0
39,076400,0.222342551,70670.0,0.145819396,19.8,1.0,0,0,0,0
40,024500,0.151590809,98068.0,0.132981524,13.7,0.375,0,0,0,0
41,064800,0.030669967,118333.0,0.010719755,4.1,0.4285714285714285,0,0,0,0
42,055200,0.160635829,84634.0,0.229553267,11.9,0.217391304347826,0,0,0,0
43,022600,0.246443659,67991.0,0.32780847,26.4,0.4117647058823529,0,0,1,1
44,019200,0.305694699,55313.0,0.327169269,23.8,0.6,0,0,1,1
45,039500,0.248625726,70504.0,0.200118065,32.4,0.5555555555555556,0,0,1,1
46,051601,0.241327986,63095.0,0.282541335,18.0,0.25,0,0,1,1
47,023300,0.316343635,65435.0,0.294478536,25.2,0.2608695652173913,0,0,1,1
48,028300,0.402245224,41836.0,0.425429553,30.8,0.3125,0,0,1,1
49,069800,0.078037515,119514.0,0.158767775,0.7,0.0,1,1,0,1
50,036002,0.551342487,35063.0,0.618279576,39.6,0.1818181818181818,0,0,1,1
51,051100,0.370384425,37000.0,0.333163798,25.5,0.25,0,0,1,1
52,06700,0.027624721,216375.0,0.021639343,3.8,0.25,0,0,0,0
53,067000,0.12491969,97941.0,0.120111734,7.3,0.2857142857142857,0,0,0,0
54,018400,0.211266249,66364.0,0.245145634,12.3,0.5,0,0,0,0
55,037402,0.261487871,69432.0,0.324617654,15.8,0.1428571428571428,0,0,1,1
56,042300,0.164857328,67961.0,0.143484622,20.8,0.3125,0,0,0,0
57,027100,0.190811336,114342.0,0.18217665,19.0,0.2,0,0,0,0
58,0114600,0.283321619,66450.0,0.298932374,28.5,0.4285714285714285,0,0,1,1
59,0101800,0.10543406,84275.0,0.180000007,6.2,0.0,1,1,0,1
60,0116400,0.176337808,67663.0,0.230103806,19.3,0.4,0,0,0,0
61,014000,0.159836113,61333.0,0.140476197,11.2,0.2,0,0,0,0
62,049800,0.119253606,98798.0,0.041057758,7.6,0.1666666666666666,0,0,0,0
63,085600,0.208499894,69618.0,0.174149662,14.5,0.1666666666666666,0,0,0,0
64,086600,0.194936663,72398.0,0.246301129,10.1,0.125,0,0,0,0
65,043500,0.265947521,56556.0,0.247292414,20.2,0.4705882352941176,0,0,1,1
66,075000,0.126576662,78264.0,0.099773243,10.6,0.5,0,0,0,0
67,025000,0.192436159,53397.0,0.187732339,12.7,0.5,0,0,0,0
68,023600,0.56089437,31232.0,0.542940319,55.4,0.5,0,0,1,1
69,024100,0.290028334,61835.0,0.256267399,18.8,0.3571428571428571,0,0,1,1
70,066200,0.139472604,82330.0,0.101045296,5.4,0.2727272727272727,0,0,0,0
71,068600,0.07982111,119643.0,0.171200007,6.0,0.5,0,0,0,0
72,043200,0.20849739,77538.0,0.29145363,16.8,0.5333333333333333,0,0,0,0
73,0116200,0.296067119,60250.0,0.246428564,31.2,0.8,0,0,1,1
74,043900,0.281593412,61829.0,0.29810074,33.1,0.28125,0,0,1,1
75,04900,0.068049088,174844.0,0.053212851,6.7,0.3333333333333333,0,0,0,0
76,050700,0.420689195,48500.0,0.384116679,53.2,0.1818181818181818,0,0,1,1
77,025400,0.313771039,48988.0,0.297951579,23.7,0.5833333333333334,0,0,1,1
78,0118202,0.275957108,56912.0,0.223776221,14.3,0.7142857142857143,0,0,0,0
79,057600,0.194569498,78689.0,0.259652495,11.1,0.3636363636363636,0,0,0,0
80,081800,0.207640201,86653.0,0.222027972,10.6,0.3684210526315789,0,0,0,0
81,050803,0.240501046,68365.0,0.288479269,16.2,0.6666666666666666,0,0,0,0
82,058000,0.316499084,80625.0,0.398617506,18.5,0.625,0,0,1,1
83,079601,0.157253906,75650.0,0.161232963,10.8,0.2857142857142857,0,0,0,0
84,037100,0.186631829,80144.0,0.169926643,20.1,0.4,0,0,0,0
85,018501,0.406076819,40230.0,0.424918383,47.2,0.5,0,0,1,1
86,095600,0.137357399,72198.0,0.057256989,14.3,0.4,0,0,0,0
87,027600,0.274936974,56987.0,0.330298007,14.5,0.7333333333333333,0,0,1,1
88,025700,0.202704668,78472.0,0.192513362,23.4,0.5555555555555556,0,0,0,0
89,055500,0.065852433,193592.0,0.050495289,5.5,0.064516129032258,1,0,0,1
90,056600,0.162766695,100278.0,0.17850098,7.8,0.4,0,0,0,0
91,059300,0.159155756,100724.0,0.110262007,12.3,0.25,0,0,0,0
92,025902,0.657539725,22804.0,0.664701521,62.2,1.0,0,0,1,1
93,055700,0.069836162,102273.0,0.018994413,14.8,0.1428571428571428,0,0,0,0
94,03300,0.116864644,139886.0,0.146528408,9.5,0.1578947368421052,0,0,0,0
95,026700,0.149505973,111518.0,0.168404594,14.8,0.4444444444444444,0,0,0,0
96,083200,0.13389647,79632.0,0.12618725,9.5,0.8,0,0,0,0
97,080200,0.188171178,67424.0,0.201311812,17.9,0.1111111111111111,0,0,0,0
98,029900,0.278107733,50625.0,0.102181397,30.7,0.2941176470588235,0,0,1,1
99,040400,0.226081863,88125.0,0.253148615,15.7,0.3333333333333333,0,0,0,0
100,0118800,0.271411598,58065.0,0.315126061,22.1,0.5555555555555556,0,0,1,1
101,05202,0.159825563,117025.0,0.074046373,16.2,0.0,1,1,0,1
102,06400,0.147944376,90993.0,0.116243266,10.3,0.2272727272727272,0,0,0,0
103,017200,0.119679816,110449.0,0.049302325,10.5,0.4545454545454545,0,0,0,0
104,028400,0.231536388,61598.0,0.258410871,17.7,0.2,0,0,0,0
105,028501,0.404274434,55192.0,0.342105269,27.8,0.3333333333333333,0,0,1,1
106,055600,0.282271713,50714.0,0.17762129,17.2,0.0,1,1,0,1
107,092800,0.136097342,111250.0,0.165354326,12.5,0.5,0,0,0,0
108,014300,0.117027976,124620.0,0.150185868,9.0,0.375,0,0,0,0
109,036001,0.391916037,51250.0,0.471539855,35.7,0.4285714285714285,0,0,1,1
110,029700,0.226652071,92188.0,0.219999999,20.0,0.3,0,0,0,0
111,034500,0.253522635,51488.0,0.142375737,20.2,0.4285714285714285,0,0,0,0
112,030400,0.301293314,55434.0,0.2970469,19.1,0.2307692307692307,0,0,1,1
113,06600,0.161174536,91016.0,0.124544352,14.2,0.1818181818181818,0,0,0,0
114,044100,0.334745646,47633.0,0.300653607,25.8,0.25,0,0,1,1
115,038700,0.306533456,72955.0,0.260151416,23.3,0.2,0,0,1,1
116,062000,0.125268236,115078.0,0.235875711,11.6,0.0,1,1,0,1
117,01100,0.052288875,227232.0,0.025672372,6.0,0.1219512195121951,0,0,0,0
118,02300,0.635865748,22853.0,0.58372879,53.4,0.3333333333333333,0,0,1,1
119,016700,0.042733103,186364.0,0.022309711,1.6,0.5,0,0,0,0
120,097000,0.167016312,92132.0,0.144801974,11.6,0.25,0,0,0,0
121,097400,0.140428752,82083.0,0.096960925,23.6,0.3333333333333333,0,0,0,0
122,0100800,0.166090056,96548.0,0.199697435,13.0,0.3333333333333333,0,0,0,0
123,029300,0.343029052,40662.0,0.242783129,29.6,0.5555555555555556,0,0,1,1
124,031900,0.161498532,81250.0,0.139403701,23.9,0.3157894736842105,0,0,0,0
125,038100,0.320835561,49707.0,0.31231609,22.6,0.1666666666666666,0,0,1,1
126,041800,0.278403461,72917.0,0.330607474,30.1,0.2857142857142857,0,0,1,1
127,051200,0.194457009,62578.0,0.159012139,18.0,0.6666666666666666,0,0,0,0
128,08500,0.581059039,19261.0,0.610208035,51.2,0.2,0,0,1,1
129,037700,0.238887116,73750.0,0.257804096,26.6,0.5882352941176471,0,0,1,1
130,07600,0.375735193,54402.0,0.424023151,32.6,0.2777777777777778,0,0,1,1
131,09600,0.283665955,48208.0,0.21831736,33.2,0.217391304347826,0,0,1,1
132,0119200,0.316570938,77613.0,0.267092079,23.5,0.0,1,1,1,1
133,025600,0.281811804,60000.0,0.192432433,25.5,0.1428571428571428,0,0,1,1
134,0120000,0.346028566,45474.0,0.326060593,31.5,0.3333333333333333,0,0,1,1
135,019600,0.278722942,51938.0,0.229299366,34.0,0.1666666666666666,0,0,1,1
136,020000,0.169094175,78897.0,0.168115944,15.9,0.0909090909090909,0,0,0,0
137,052500,0.4313429,37000.0,0.556717634,28.9,0.4,0,0,1,1
138,053200,0.23990041,81176.0,0.212328762,16.7,0.2727272727272727,0,0,0,0
139,058400,0.171301052,75152.0,0.124550037,11.8,0.25,0,0,0,0
140,065600,0.051276047,100568.0,0.063664593,8.1,0.6666666666666666,0,0,0,0
141,036200,0.272428304,60958.0,0.273484856,32.1,0.3636363636363636,0,0,1,1
142,061004,0.341563493,50771.0,0.415412843,25.1,0.5333333333333333,0,0,1,1
143,069601,0.111008532,101563.0,0.039543726,10.9,0.2727272727272727,0,0,0,0
144,0105804,0.362779349,42645.0,0.357540071,29.2,0.3846153846153846,0,0,1,1
145,046400,0.304760665,62188.0,0.285714298,31.3,1.0,0,0,1,1
146,063200,0.124256648,101827.0,0.123176664,12.8,0.5,0,0,0,0
147,027300,0.171251178,64598.0,0.141516238,15.7,0.6,0,0,0,0
148,032500,0.242946953,52122.0,0.17533718,13.1,0.2727272727272727,0,0,0,0
149,030300,0.356162131,47662.0,0.382733136,29.5,0.4,0,0,1,1
150,056100,0.111884505,108056.0,0.107186355,5.5,0.3076923076923077,0,0,0,0
151,0502,0.010896435,231250.0,0.006147541,4.8,0.15,0,0,0,0
152,032600,0.483707219,29831.0,0.446322918,41.8,0.1818181818181818,0,0,1,1
153,067400,0.092864394,104464.0,0.061482821,4.0,0.4,0,0,0,0
154,041100,0.312585145,51489.0,0.288624793,18.8,0.3333333333333333,0,0,1,1
155,05400,0.140827954,72355.0,0.101102941,15.0,0.0,1,1,0,1
156,028600,0.311461359,57429.0,0.329545468,23.4,0.2857142857142857,0,0,1,1
157,0121000,0.688143909,16406.0,0.739103734,47.7,0.5,0,0,1,1
158,012901,0.04480781,218911.0,0.004390779,11.6,0.4444444444444444,0,0,0,0
159,037401,0.204156354,69353.0,0.240581274,16.5,0.5,0,0,0,0
160,070201,0.077351123,112381.0,0.042457093,3.5,0.2,0,0,0,0
161,04300,0.096780375,201579.0,0.1128655,8.4,0.1612903225806451,0,0,0,0
162,024200,0.223548457,66042.0,0.21606648,19.9,0.5714285714285714,0,0,0,0
163,077000,0.151358545,99125.0,0.154210031,19.9,0.0909090909090909,0,0,0,0
164,020500,0.071641706,148625.0,0.041724619,7.3,0.3636363636363636,0,0,0,0
165,021800,0.342752337,65227.0,0.41625616,47.6,0.6666666666666666,0,0,1,1
166,048100,0.207013682,71083.0,0.204455048,12.2,0.0,1,1,0,1
167,049900,0.119319625,86731.0,0.025100403,7.8,0.1666666666666666,0,0,0,0
168,050300,0.106679022,154250.0,0.082966223,9.4,0.25,0,0,0,0
169,042900,0.378862858,38750.0,0.28086254,30.9,0.3703703703703703,0,0,1,1
170,073600,0.182363391,68942.0,0.209476307,23.4,0.4444444444444444,0,0,0,0
171,0100,0.083559796,195292.0,0.061207261,11.1,0.1578947368421052,0,0,0,0
172,036400,0.238344073,54050.0,0.241157562,24.8,0.4375,0,0,1,1
173,053500,0.599255085,31367.0,0.715741813,53.8,0.6428571428571429,0,0,1,1
174,0150200,0.040166408,147321.0,0.035269711,9.0,0.4,0,0,0,0
175,013000,0.169298947,86250.0,0.152858064,25.8,0.25,0,0,0,0
176,053400,0.277014673,56042.0,0.308152586,37.9,0.2941176470588235,0,0,1,1
177,053900,0.53350091,25192.0,0.458663642,47.8,1.0,0,0,1,1
178,0110400,0.356125653,60625.0,0.483739823,23.3,0.225,0,0,1,1
179,087800,0.210801482,67019.0,0.150253803,20.5,0.2857142857142857,0,0,0,0
180,026300,0.263926297,69440.0,0.292580992,28.7,0.4166666666666667,0,0,1,1
181,057200,0.470057935,33723.0,0.5,30.6,0.5,0,0,1,1
182,065800,0.059578482,132250.0,0.069337443,3.8,0.0,1,1,0,1
183,073800,0.203397751,68325.0,0.293169618,16.3,0.3333333333333333,0,0,0,0
184,074400,0.111317717,142734.0,0.12183544,8.8,1.0,0,0,0,0
185,072000,0.139361501,75781.0,0.049535602,10.9,0.2857142857142857,0,0,0,0
186,027500,0.188717574,102500.0,0.146503881,17.9,0.6,0,0,0,0
187,073400,0.09121462,110346.0,0.132216021,1.2,1.0,0,0,0,0
188,028000,0.163389117,84063.0,0.192955583,23.4,0.4615384615384615,0,0,0,0
189,026500,0.199465454,94167.0,0.202581376,19.3,0.6363636363636364,0,0,0,0
190,032800,0.334728301,42323.0,0.411609501,10.6,0.3333333333333333,0,0,1,1
191,078200,0.185324043,70174.0,0.232110649,13.8,0.25,0,0,0,0
192,049500,0.144219846,121731.0,0.043964829,12.3,0.1875,0,0,0,0
193,027000,0.330884367,43000.0,0.228365391,19.4,0.3333333333333333,0,0,1,1
194,028900,0.316433996,84741.0,0.368527234,33.9,0.2666666666666666,0,0,1,1
195,042100,0.258748174,82371.0,0.258286417,25.8,0.2857142857142857,0,0,1,1
196,045300,0.421175301,27010.0,0.200594351,38.1,0.5,0,0,1,1
197,051602,0.222378552,68980.0,0.225285813,15.0,0.5,0,0,0,0
198,08200,0.228156567,85060.0,0.19252874,28.2,0.3,0,0,0,0
199,019400,0.284015059,61477.0,0.202543139,21.6,0.2222222222222222,0,0,1,1
200,091800,0.350350678,48750.0,0.384328365,35.1,0.1428571428571428,0,0,1,1
201,092200,0.210918382,53799.0,0.222134382,17.1,0.5,0,0,0,0
202,048600,0.299756527,52875.0,0.269230783,25.7,0.5,0,0,1,1
203,0116600,0.263533205,63654.0,0.366404712,13.9,0.2727272727272727,0,0,1,1
204,0117400,0.303674161,48173.0,0.24357976,27.1,0.3809523809523809,0,0,1,1
205,024700,0.347702414,46277.0,0.264197528,27.6,0.3888888888888889,0,0,1,1
206,0117601,0.205332488,67188.0,0.200952381,16.6,0.25,0,0,0,0
207,027400,0.27441138,68516.0,0.282412052,17.9,0.4444444444444444,0,0,1,1
208,024300,0.173817456,113631.0,0.246946365,15.1,0.0,1,1,0,1
209,04400,0.083777763,163274.0,0.07395833,2.3,0.25,0,0,0,0
210,095800,0.197763443,74205.0,0.213852808,12.0,0.5,0,0,0,0
211,037300,0.283491284,54896.0,0.23928377,30.4,0.3846153846153846,0,0,1,1
212,065000,0.148988247,76183.0,0.237623766,17.9,0.1428571428571428,0,0,0,0
213,056400,0.090183459,108250.0,0.063607924,7.3,0.5,0,0,0,0
214,064400,0.179744929,89784.0,0.190255225,6.0,0.3333333333333333,0,0,0,0
215,065200,0.047526233,105774.0,0.080434784,1.9,0.25,0,0,0,0
216,066000,0.059905797,141375.0,0.096286111,0.9,0.0,1,1,0,1
217,03800,0.100160912,132344.0,0.042933811,7.2,0.0,1,1,0,1
218,039000,0.15384984,89250.0,0.127413124,18.3,0.6666666666666666,0,0,0,0
219,028800,0.267921388,80833.0,0.30682978,20.3,0.2272727272727272,0,0,1,1
220,093200,0.207984373,55536.0,0.20726496,9.5,0.25,0,0,0,0
221,099400,0.100988694,96875.0,0.124031007,5.6,0.0,1,1,0,1
222,033300,0.241051167,52002.0,0.198064029,21.5,0.2857142857142857,0,0,0,0
223,038600,0.160079688,81000.0,0.183712125,10.4,0.75,0,0,0,0
224,054800,0.180146262,108661.0,0.194407463,11.8,0.0,1,1,0,1
225,039900,0.315519422,78790.0,0.407784432,23.3,0.625,0,0,1,1
226,044000,0.203541249,86852.0,0.18699187,16.8,0.625,0,0,0,0
227,026100,0.337505221,62920.0,0.341971308,27.4,0.5,0,0,1,1
228,018600,0.18724826,76875.0,0.178523496,15.1,0.0,1,1,0,1
229,052000,0.126233503,106486.0,0.110277571,18.8,0.4827586206896552,0,0,0,0
230,059200,0.224494472,64167.0,0.252913743,10.0,0.2727272727272727,0,0,0,0
231,015100,0.041865814,202600.0,0.032871973,5.2,0.3,0,0,0,0
232,042000,0.214523286,80625.0,0.222222224,18.1,0.1818181818181818,0,0,0,0
233,043400,0.324626297,51447.0,0.211460859,24.8,1.0,0,0,1,1
234,022800,0.379693478,45819.0,0.299185097,43.8,0.4444444444444444,0,0,1,1
235,023000,0.415549278,38814.0,0.317596555,35.3,0.4444444444444444,0,0,1,1
236,0116000,0.298348278,55096.0,0.29358831,27.9,0.5,0,0,1,1
237,011700,0.13759169,106719.0,0.113616653,17.2,0.35,0,0,0,0
238,012801,0.350150168,36964.0,0.181704268,35.0,0.3333333333333333,0,0,1,1
239,056200,0.056016009,112563.0,0.041198503,4.3,1.0,0,0,0,0
240,056900,0.13592194,151786.0,0.110810809,10.1,0.0909090909090909,0,0,0,0
241,061002,0.194818571,96050.0,0.208502024,10.6,0.3333333333333333,0,0,0,0
242,013800,0.122485869,76406.0,0.108452953,14.6,0.5263157894736842,0,0,0,0
243,088800,0.281330198,48920.0,0.222506389,12.7,0.2222222222222222,0,0,0,0
244,06300,0.053842552,217083.0,0.022678185,4.6,0.0,1,1,0,1
245,029600,0.256571025,55824.0,0.191591024,19.9,0.5454545454545454,0,0,0,0
246,029800,0.302352697,44583.0,0.163393557,13.2,0.1176470588235294,0,0,0,0
247,0117602,0.194273621,58919.0,0.182417586,25.1,0.5,0,0,0,0
248,051300,0.208902583,81985.0,0.145985395,15.6,0.25,0,0,0,0
249,017800,0.18428801,74167.0,0.125,17.3,0.4,0,0,0,0
250,013200,0.22748372,102721.0,0.156834528,24.9,0.3,0,0,0,0
251,06000,0.121198647,100852.0,0.171717167,15.1,0.2608695652173913,0,0,0,0
252,082800,0.145404458,74808.0,0.257352948,14.9,0.5,0,0,0,0
253,022000,0.48436299,33257.0,0.297074258,49.2,0.3684210526315789,0,0,1,1
254,099000,0.180587843,111786.0,0.20309478,22.7,0.5,0,0,0,0
255,054500,0.619067073,26995.0,0.652885795,45.9,0.75,0,0,1,1
256,059000,0.27925849,55417.0,0.263823062,22.8,0.4285714285714285,0,0,1,1
257,054200,0.274940103,56750.0,0.305844158,23.5,0.1176470588235294,0,0,1,1
258,0110600,0.566052914,30982.0,0.677194834,42.3,0.0,1,1,1,1
259,0117202,0.258355916,51202.0,0.25858587,11.5,1.0,0,0,0,0
260,0118201,0.208416507,69682.0,0.262593776,18.3,0.3333333333333333,0,0,0,0
261,013100,0.095783159,157708.0,0.106781378,6.2,0.1621621621621621,0,0,0,0
262,078000,0.092845544,108750.0,0.131901845,4.5,0.3333333333333333,0,0,0,0
263,065400,0.080888852,110439.0,0.003690037,4.7,0.0,1,1,0,1
264,025100,0.231323466,65612.0,0.231094986,32.6,0.3125,0,0,1,1
265,010100,0.154315293,84423.0,0.179384202,16.3,0.2777777777777778,0,0,0,0
266,084600,0.099410735,80478.0,0.096503496,9.5,0.4666666666666667,0,0,0,0
267,034700,0.352898836,30545.0,0.23977901,25.3,0.5384615384615384,0,0,1,1
268,056000,0.214504004,88162.0,0.210898802,13.6,0.0,1,1,0,1
269,030100,0.298206657,58618.0,0.262972742,26.6,0.6666666666666666,0,0,1,1
270,044700,0.346625835,36058.0,0.177297294,38.3,0.1818181818181818,0,0,1,1
271,053300,0.531373739,30156.0,0.519595444,56.0,0.5,0,0,1,1
272,012100,0.063271716,156146.0,0.024570024,11.6,0.0833333333333333,1,0,0,1
273,060600,0.166719913,70777.0,0.22868526,17.6,0.45,0,0,0,0
274,013500,0.035246581,216446.0,0.034736138,8.0,0.0,1,1,0,1
275,088400,0.368286222,52750.0,0.361921102,23.3,0.4615384615384615,0,0,1,1
276,049400,0.18949227,104583.0,0.133017644,19.2,0.3,0,0,0,0
277,08400,0.233390421,50132.0,0.200000003,20.2,0.3333333333333333,0,0,0,0
278,083800,0.104480177,88690.0,0.074270554,3.5,0.4,0,0,0,0
279,036501,0.250378549,59141.0,0.237685695,17.0,0.6,0,0,0,0
280,062600,0.115012698,77951.0,0.116809115,11.0,0.6666666666666666,0,0,0,0
281,041402,0.245662749,70341.0,0.284953386,9.7,0.0,1,1,0,1
282,072400,0.093918636,82212.0,0.101960786,9.8,0.0,1,1,0,1
283,043300,0.415048897,35272.0,0.347154468,30.3,0.238095238095238,0,0,1,1
284,05602,0.045083474,85469.0,0.037158471,10.9,0.3333333333333333,0,0,0,0
285,038300,0.220776141,80726.0,0.215797618,18.1,0.3333333333333333,0,0,0,0
286,085000,0.140460685,69866.0,0.1477516,10.4,0.0,1,1,0,1
287,045600,0.236070395,76429.0,0.377885789,22.6,0.3333333333333333,0,0,1,1
288,061600,0.059724521,150341.0,0.060728744,15.7,0.0,1,1,0,1
289,025300,0.27602464,75357.0,0.297583073,20.6,0.125,0,0,1,1
290,094401,0.148546383,107050.0,0.131802723,6.4,0.0,1,1,0,1
291,07100,0.350859165,56694.0,0.364583343,27.6,0.5,0,0,1,1
292,050804,0.16979903,93400.0,0.21978882,17.0,0.0,1,1,0,1
293,080400,0.173941046,66250.0,0.134785563,20.0,0.1764705882352941,0,0,0,0
294,019300,0.197350785,77733.0,0.12872842,22.2,0.25,0,0,0,0
295,049600,0.236556947,62788.0,0.192168236,17.8,0.5,0,0,0,0
296,024600,0.202244267,62750.0,0.200676441,16.8,0.6,0,0,0,0
297,08800,0.203914285,70227.0,0.16073148,13.4,0.3478260869565217,0,0,0,0
298,050900,0.532420874,34114.0,0.467045456,60.0,0.5,0,0,1,1
299,057300,0.123118289,138889.0,0.106844738,9.8,0.5,0,0,0,0
300,017900,0.254624128,94697.0,0.250957847,16.2,0.0,1,1,0,1
301,032100,0.208695605,65705.0,0.297462821,19.8,0.3571428571428571,0,0,1,1
302,021900,0.174665421,89828.0,0.126629427,20.5,0.35,0,0,0,0
303,057100,0.124869056,99981.0,0.08426667,8.5,0.3571428571428571,0,0,0,0
304,0111600,0.266363323,72336.0,0.235474005,22.4,0.4117647058823529,0,0,1,1
305,081400,0.208909646,74514.0,0.260103613,18.7,0.6,0,0,0,0
306,051400,0.267130703,69966.0,0.27832067,22.0,0.0769230769230769,1,0,1,1
307,087401,0.283156544,72820.0,0.255629152,34.8,0.4285714285714285,0,0,1,1
308,058800,0.098447338,92353.0,0.104895107,6.1,0.2857142857142857,0,0,0,0
309,0101400,0.171565652,84423.0,0.206388205,10.6,0.0,1,1,0,1
310,057500,0.123112097,93750.0,0.114084505,13.3,0.25,0,0,0,0
311,081000,0.180086985,58325.0,0.130339533,18.4,0.6666666666666666,0,0,0,0
312,040600,0.174282417,64456.0,0.136048526,21.8,0.5714285714285714,0,0,0,0
313,012700,0.310500652,92606.0,0.299630076,41.2,0.3333333333333333,0,0,1,1
314,08000,0.165014997,81288.0,0.182947025,16.5,0.2142857142857142,0,0,0,0
315,075600,0.0514769,153816.0,0.042236026,5.9,0.3333333333333333,0,0,0,0
316,061003,0.373601168,39375.0,0.293286204,26.9,0.375,0,0,1,1
317,051001,0.325292677,56250.0,0.374709964,15.3,0.5,0,0,1,1
318,020100,0.074912056,155144.0,0.086518049,5.8,0.1176470588235294,0,0,0,0
319,068000,0.088938087,100114.0,0.132352948,1.6,0.5714285714285714,0,0,0,0
320,02901,0.570206761,28488.0,0.611148894,40.1,0.0,1,1,1,1
321,038800,0.205786631,87587.0,0.154838711,15.3,1.0,0,0,0,0
322,0114400,0.337819397,68071.0,0.416445613,33.7,0.5,0,0,1,1
323,025200,0.217341259,61090.0,0.17493473,14.8,0.2727272727272727,0,0,0,0
324,072200,0.179982051,70815.0,0.179282874,11.1,0.375,0,0,0,0
325,086800,0.232290879,56169.0,0.201518282,17.2,0.2777777777777778,0,0,0,0
326,0113200,0.191525042,62250.0,0.183639392,14.9,1.0,0,0,0,0
327,033600,0.227579415,78500.0,0.168961197,14.1,0.1428571428571428,0,0,0,0
328,03400,0.102703132,113911.0,0.090421453,19.8,0.1,0,0,0,0
329,026200,0.160216317,77574.0,0.180076629,21.5,0.4444444444444444,0,0,0,0
330,082400,0.224750087,64500.0,0.290623188,17.3,0.4736842105263157,0,0,0,0
331,093600,0.137203842,82566.0,0.17316018,6.6,1.0,0,0,0,0
332,033900,0.295297354,66500.0,0.292731822,33.4,0.2666666666666666,0,0,1,1
333,027900,0.201970875,83365.0,0.260282367,14.3,0.3888888888888889,0,0,0,0
334,075200,0.048351686,173250.0,0.091549292,1.5,0.6666666666666666,0,0,0,0
335,012000,0.286558121,46500.0,0.215909094,22.3,0.2307692307692307,0,0,1,1
336,030000,0.270559251,63125.0,0.263079226,14.6,0.2666666666666666,0,0,0,0
337,073000,0.103528142,115571.0,0.166037738,1.3,0.0,1,1,0,1
338,068800,0.086914927,119363.0,0.14327918,4.6,0.0,1,1,0,1
339,059800,0.164742365,73889.0,0.133623824,20.2,1.0,0,0,0,0
340,039400,0.286801785,51734.0,0.270538241,18.1,0.0,1,1,1,1
341,088600,0.389055192,40451.0,0.425964534,29.9,0.625,0,0,1,1
342,0119800,0.439921588,37218.0,0.376879692,42.3,0.4666666666666667,0,0,1,1
343,024000,0.449884772,39643.0,0.381398708,39.2,0.3,0,0,1,1
344,0117800,0.399015427,29606.0,0.347992361,20.8,0.3333333333333333,0,0,1,1
345,032900,0.321572423,55060.0,0.263157904,31.7,0.5384615384615384,0,0,1,1
346,042500,0.265952975,48646.0,0.112132356,15.1,0.375,0,0,0,0
347,076800,0.190533608,56645.0,0.202510461,25.5,0.3846153846153846,0,0,0,0
348,016600,0.0606778,158281.0,0.027220631,1.8,0.0,1,1,0,1
349,025800,0.288538843,47045.0,0.2119032,24.1,0.5384615384615384,0,0,1,1
350,020700,0.057795096,190843.0,0.054973822,5.4,0.5,0,0,0,0
351,022200,0.512297094,42730.0,0.587831199,35.4,0.4,0,0,1,1
352,099200,0.100984365,92721.0,0.123955429,12.0,0.0,1,1,0,1
353,0102400,0.157233626,100104.0,0.108450703,3.9,0.0,1,1,0,1
354,02000,0.323031485,56875.0,0.283505142,30.5,0.0,1,1,1,1
355,047600,0.300035626,73000.0,0.234953701,30.2,0.5454545454545454,0,0,1,1
356,079802,0.117539212,77482.0,0.093711466,15.6,0.125,0,0,0,0
357,082200,0.238219664,71531.0,0.331487626,14.0,0.1818181818181818,0,0,0,0
358,049100,0.400333285,35880.0,0.352807283,22.6,0.5,0,0,1,1
359,015300,0.052442487,198750.0,0.035056967,4.1,0.15,0,0,0,0
360,015700,0.023769807,179766.0,0.027911453,4.7,0.3529411764705882,0,0,0,0
361,091000,0.589250326,25774.0,0.685177445,61.5,0.5555555555555556,0,0,1,1
362,0105801,0.49437955,26890.0,0.440379769,28.9,0.0,1,1,1,1
363,0115000,0.350092471,58380.0,0.502910376,33.9,0.6153846153846154,0,0,1,1
364,052700,0.227744937,55150.0,0.279683381,26.8,0.5882352941176471,0,0,1,1
365,055300,0.153397024,113750.0,0.043350477,8.4,0.1333333333333333,0,0,0,0
366,067200,0.17150794,100086.0,0.273684204,6.8,0.75,0,0,0,0
367,070000,0.035716206,95938.0,0.035661217,7.7,0.2,0,0,0,0
368,013400,0.175018504,109605.0,0.166064978,5.8,0.4166666666666667,0,0,0,0
369,020800,0.189990714,70481.0,0.231508166,12.8,0.0,1,1,0,1
370,043100,0.307384133,51023.0,0.306637406,31.1,0.4615384615384615,0,0,1,1
371,027200,0.266831458,74226.0,0.304776341,26.2,0.625,0,0,1,1
372,046201,0.296418309,67850.0,0.459734976,16.0,0.8181818181818182,0,0,1,1
373,047200,0.278974831,60982.0,0.241001561,25.4,0.5,0,0,1,1
374,024900,0.156604111,117885.0,0.156696662,14.2,0.2666666666666666,0,0,0,0
375,023200,0.444352418,43438.0,0.448784709,51.8,0.6666666666666666,0,0,1,1
376,010000,0.319964141,57986.0,0.358708203,30.0,0.3076923076923077,0,0,1,1
377,089800,0.222270101,73214.0,0.222891569,27.2,0.4,0,0,1,1
378,062800,0.099192604,103583.0,0.082007341,9.8,0.4,0,0,0,0
379,063800,0.060184982,118611.0,0.015831135,6.1,0.0,1,1,0,1
380,016500,0.031219052,250001.0,0.01077122,3.9,0.0,1,1,0,1
381,098800,0.097690187,92965.0,0.12956205,12.4,0.0,1,1,0,1
382,0102000,0.038389377,116862.0,0.03846154,9.2,0.0,1,1,0,1
383,031300,0.189442739,113138.0,0.19910714,20.3,0.375,0,0,0,0
384,035500,0.266961008,68627.0,0.344727963,16.3,0.2727272727272727,0,0,1,1
385,041700,0.433099568,35472.0,0.481481493,23.3,0.3333333333333333,0,0,1,1
386,060800,0.201864064,84088.0,0.211656436,17.1,0.1071428571428571,0,0,0,0
387,016100,0.030430935,192500.0,0.047619049,13.0,0.2333333333333333,0,0,0,0
388,011200,0.363209367,50851.0,0.419278264,40.9,0.7142857142857143,0,0,1,1
389,052300,0.199382544,69932.0,0.200539574,23.7,0.2826086956521739,0,0,0,0
390,077400,0.111297607,84674.0,0.139250189,17.9,0.4545454545454545,0,0,0,0
391,07800,0.251958787,71762.0,0.263307303,18.4,0.4545454545454545,0,0,0,0
392,041300,0.262674004,92522.0,0.339514971,20.5,0.5625,0,0,1,1
393,096600,0.126641482,68281.0,0.100490198,9.7,0.0,1,1,0,1
394,079400,0.310104072,53917.0,0.345679015,21.6,0.4,0,0,1,1
395,02100,0.023628475,250001.0,0.007759457,5.3,0.2894736842105263,0,0,0,0
396,0113000,0.239645243,65664.0,0.266837716,30.2,0.4,0,0,1,1
397,090200,0.404022306,52399.0,0.444165617,39.8,0.5,0,0,1,1
398,048500,0.238299608,65947.0,0.121794872,20.4,0.125,0,0,0,0
399,038900,0.148488924,80259.0,0.115771815,20.6,0.238095238095238,0,0,0,0
400,039100,0.279277265,56223.0,0.221840665,31.2,0.0,1,1,1,1
401,039300,0.271563351,58269.0,0.26630801,26.9,0.25,0,0,1,1
402,036700,0.269684255,61000.0,0.238095239,15.7,0.5,0,0,0,0
403,053000,0.314602286,59050.0,0.282939196,26.0,0.0,1,1,1,1
404,021700,0.223932028,75682.0,0.213913038,18.4,0.0,1,1,0,1
405,050202,0.065450191,145664.0,0.049532712,7.1,0.1666666666666666,0,0,0,0
406,084000,0.10221874,85563.0,0.097590365,7.6,1.0,0,0,0,0
407,084800,0.120799005,96750.0,0.125673249,7.7,0.3333333333333333,0,0,0,0
408,085400,0.185433418,66667.0,0.151177198,18.2,0.0,1,1,0,1
409,085800,0.129781976,69500.0,0.088888891,9.5,0.2142857142857142,0,0,0,0
410,086400,0.160468757,80111.0,0.196226418,8.6,0.5,0,0,0,0
411,038200,0.634680271,20058.0,0.771321476,39.5,0.2,0,0,1,1
412,026800,0.227448702,58125.0,0.211424813,20.6,0.25,0,0,0,0
413,064600,0.088938646,87813.0,0.038748138,7.8,0.0,1,1,0,1
414,043600,0.273628652,77333.0,0.376344085,21.1,0.5789473684210527,0,0,1,1
415,074000,0.125267297,89519.0,0.213725492,9.0,0.3333333333333333,0,0,0,0
416,028200,0.193034932,75897.0,0.256995589,19.6,0.5,0,0,0,0
417,077200,0.203677073,71726.0,0.22286661,8.3,0.5,0,0,0,0
418,0118600,0.110909529,82955.0,0.124165557,19.3,0.3333333333333333,0,0,0,0
419,089400,0.432357967,42321.0,0.419833183,31.1,0.625,0,0,1,1
420,064200,0.164513066,94625.0,0.167061612,18.6,0.5,0,0,0,0
421,043800,0.264833093,62500.0,0.217161015,27.8,0.0,1,1,1,1
422,014200,0.07947775,75781.0,0.103230894,10.5,0.0588235294117647,1,0,0,1
423,034800,0.316038907,47200.0,0.216276482,28.7,0.4,0,0,1,1
424,012200,0.408657223,37961.0,0.380038381,30.9,0.5555555555555556,0,0,1,1
425,093800,0.120737299,82824.0,0.108193278,14.0,0.3333333333333333,0,0,0,0
426,049000,0.247054964,59457.0,0.232962132,23.8,0.7777777777777778,0,0,1,1
427,0115200,0.297222972,59025.0,0.442364544,25.4,0.375,0,0,1,1
428,055400,0.253521025,68242.0,0.322303921,28.0,0.2916666666666667,0,0,1,1
429,019000,0.260746062,57670.0,0.240900069,18.4,0.125,0,0,1,1
430,03000,0.123905234,108750.0,0.070175439,10.8,1.0,0,0,0,0
431,0112800,0.39165926,62212.0,0.457185417,26.4,0.3636363636363636,0,0,1,1
432,011400,0.388389856,46818.0,0.348785877,35.4,0.25,0,0,1,1
433,021200,0.297088206,41905.0,0.209748894,20.1,0.3888888888888889,0,0,1,1
434,037500,0.165215254,71859.0,0.19956927,21.9,0.35,0,0,0,0
435,041600,0.242704585,60104.0,0.245152354,22.9,1.0,0,0,1,1
436,0117201,0.254850298,75000.0,0.290190727,26.2,0.0,1,1,1,1
437,027800,0.140477642,77969.0,0.21600689,11.1,0.391304347826087,0,0,0,0
438,050801,0.270961493,63553.0,0.273983121,27.0,0.6666666666666666,0,0,1,1
439,074600,0.079582259,103500.0,0.101740293,3.4,0.2857142857142857,0,0,0,0
440,072800,0.123675063,86477.0,0.138016015,7.6,0.6666666666666666,0,0,0,0
441,011600,0.334610671,40714.0,0.282226563,28.6,0.0,1,1,1,1
442,020300,0.093198046,182557.0,0.04040404,10.5,0.1875,0,0,0,0
443,017000,0.140234038,89831.0,0.163793102,13.4,0.1666666666666666,0,0,0,0
444,095000,0.133747309,96652.0,0.200654313,8.3,0.3076923076923077,0,0,0,0
445,018800,0.13500303,77240.0,0.13333334,12.7,0.5,0,0,0,0
446,035400,0.23346293,69800.0,0.251451373,9.0,0.3,0,0,0,0
447,031701,0.113123097,93788.0,0.08588957,14.9,0.1578947368421052,0,0,0,0
448,093400,0.120356202,82500.0,0.104562737,9.9,0.25,0,0,0,0
449,032700,0.187797204,60714.0,0.148176879,24.1,0.3846153846153846,0,0,0,0
450,0120200,0.307595909,37230.0,0.114726029,33.6,0.0,1,1,1,1
451,07400,0.352727145,46635.0,0.24642393,43.6,0.2962962962962963,0,0,1,1
452,080600,0.246523872,67802.0,0.247678012,30.6,0.6666666666666666,0,0,1,1
453,029400,0.265645057,59708.0,0.287112564,26.2,0.0,1,1,1,1
454,05900,0.106748164,102500.0,0.126629427,11.9,0.4615384615384615,0,0,0,0
455,083600,0.174736544,72454.0,0.08357349,13.7,0.4285714285714285,0,0,0,0
456,051500,0.034136593,169125.0,0.03190596,4.7,0.0,1,1,0,1
457,094600,0.047708817,107829.0,0.033994336,10.8,0.0,1,1,0,1
458,012902,0.112006463,141023.0,0.09589041,15.0,0.2307692307692307,0,0,0,0
459,0119600,0.337216347,44636.0,0.379185975,22.8,0.4285714285714285,0,0,1,1
460,042800,0.200387731,76250.0,0.271092683,16.3,0.3333333333333333,0,0,0,0
461,017100,0.09641581,149375.0,0.103791177,4.6,0.4285714285714285,0,0,0,0
462,033000,0.492608488,32349.0,0.548507452,38.4,0.0,1,1,1,1
463,07000,0.093692586,82614.0,0.17830883,13.3,0.5,0,0,0,0
464,011000,0.252070069,70526.0,0.30427891,27.9,0.3,0,0,1,1
465,024800,0.184008807,64148.0,0.18571429,14.4,0.5,0,0,0,0
466,054700,0.3318443,49186.0,0.274070024,40.1,0.4285714285714285,0,0,1,1
467,054900,0.245935097,78625.0,0.143023938,14.2,0.35,0,0,0,0
468,058200,0.154524863,93785.0,0.138533175,20.7,0.3333333333333333,0,0,0,0
469,059100,0.111391008,117237.0,0.138826191,8.1,0.4615384615384615,0,0,0,0
470,03700,0.128871292,148281.0,0.03865426,6.4,0.2,0,0,0,0
471,026000,0.212585866,59514.0,0.190082639,14.5,0.4285714285714285,0,0,0,0
472,037900,0.312988698,46713.0,0.217472121,28.7,0.2727272727272727,0,0,1,1
473,02200,0.317574799,47135.0,0.282802552,25.9,0.2,0,0,1,1
474,047000,0.224509373,63208.0,0.210097715,27.8,0.7142857142857143,0,0,1,1
475,040200,0.231178001,82368.0,0.222222224,25.1,0.3076923076923077,0,0,0,0
476,0123700,0.502493978,40464.0,0.481639624,52.3,0.65,0,0,1,1
477,067800,0.104680292,99676.0,0.092436977,5.8,0.0,1,1,0,1
478,059600,0.179058045,90208.0,0.196428567,11.1,0.3333333333333333,0,0,0,0
479,040900,0.395058811,45417.0,0.332839131,32.9,0.4545454545454545,0,0,1,1
480,054400,0.230306253,79167.0,0.232744783,25.7,1.0,0,0,1,1
481,054600,0.30418691,60833.0,0.341239899,17.3,0.75,0,0,1,1
482,091600,0.438505322,46818.0,0.614258409,40.9,0.6875,0,0,1,1
483,0119400,0.361503989,45606.0,0.293400288,36.7,0.5789473684210527,0,0,1,1
484,013900,0.049864534,173375.0,0.066155992,9.9,0.1052631578947368,0,0,0,0
485,021500,0.151092812,148589.0,0.149156436,16.2,0.1764705882352941,0,0,0,0
486,041900,0.384760827,50660.0,0.352800012,21.9,0.8,0,0,1,1
487,040500,0.129035175,66576.0,0.104633778,25.3,1.0,0,0,0,0
488,051002,0.231168672,47766.0,0.324084997,11.0,0.25,0,0,0,0
489,019700,0.053387646,177000.0,0.047781572,11.9,0.4166666666666667,0,0,0,0
490,062200,0.196806699,83636.0,0.114720814,11.4,0.0,1,1,0,1
491,052600,0.155176684,71910.0,0.20501636,14.3,0.3333333333333333,0,0,0,0
492,052800,0.140415654,150966.0,0.142857149,14.3,0.8888888888888888,0,0,0,0
493,064000,0.049723148,141750.0,0.04159132,3.5,0.4,0,0,0,0
494,068200,0.159426972,92188.0,0.065536723,5.4,0.6666666666666666,0,0,0,0
495,083000,0.181170478,76028.0,0.179601789,12.2,0.3333333333333333,0,0,0,0
496,092000,0.424565434,38484.0,0.404740989,44.8,0.5,0,0,1,1
497,018100,0.078090087,118924.0,0.087353989,3.7,0.0869565217391304,1,0,0,1
498,0700,0.049136169,228333.0,0.018573996,5.2,0.0714285714285714,1,0,0,1
499,016400,0.0,123125.0,0.0,0.0,1.0,0,0,0,0
500,073200,0.197640806,97222.0,0.18980892,7.7,1.0,0,0,0,0
501,09800,0.330655515,46291.0,0.321599036,41.2,0.4285714285714285,0,0,1,1
502,0118400,0.240660787,59468.0,0.223552898,22.7,0.2916666666666667,0,0,1,1
503,079602,0.215299353,73537.0,0.20186916,19.3,0.35,0,0,0,0
504,092400,0.42553252,45551.0,0.457458556,16.2,0.3225806451612903,0,0,1,1
505,030200,0.224105865,78448.0,0.222064063,17.1,0.25,0,0,0,0
506,031100,0.278186589,73385.0,0.260457784,19.8,0.3333333333333333,0,0,1,1
507,033500,0.19854933,87083.0,0.195177957,14.8,0.6,0,0,0,0
508,035900,0.400538862,40250.0,0.341413319,42.2,0.75,0,0,1,1
509,040100,0.302968174,55321.0,0.242132872,30.3,0.5,0,0,1,1
510,041500,0.231183797,80743.0,0.231348395,17.5,0.375,0,0,0,0
511,0101000,0.190873548,86915.0,0.128440365,9.6,0.3636363636363636,0,0,0,0
512,0102200,0.112509198,75521.0,0.145669296,9.6,1.0,0,0,0,0
513,069602,0.134731919,84639.0,0.067312352,11.7,0.25,0,0,0,0
514,047400,0.364828527,53370.0,0.327217132,31.8,0.5454545454545454,0,0,1,1
515,047800,0.219213054,72589.0,0.216699794,27.8,0.5555555555555556,0,0,1,1
516,048200,0.218012139,61875.0,0.250710905,20.6,0.7142857142857143,0,0,0,0
517,034200,0.562693357,33408.0,0.667982757,44.0,0.4444444444444444,0,0,1,1
518,049700,0.128877074,81953.0,0.034285713,8.3,0.25,0,0,0,0
519,050100,0.102175832,136513.0,0.051420838,10.1,0.4545454545454545,0,0,0,0
520,050600,0.236634716,58544.0,0.208016232,20.0,0.3333333333333333,0,0,0,0
521,021600,0.40302828,37527.0,0.266509444,33.5,1.0,0,0,1,1
522,020400,0.065981857,113150.0,0.040178571,10.3,0.3333333333333333,0,0,0,0
523,021400,0.376733065,58274.0,0.369649798,34.9,0.6666666666666666,0,0,1,1
524,053700,0.467704535,37287.0,0.460856736,51.0,0.6666666666666666,0,0,1,1
525,06800,0.183747664,68984.0,0.129870132,30.7,0.2727272727272727,0,0,0,0
526,0115600,0.531663537,25119.0,0.574673474,41.2,0.3333333333333333,0,0,1,1
527,087000,0.313795507,47734.0,0.244165167,26.6,0.2,0,0,1,1
528,0113400,0.442768723,44103.0,0.527041376,44.3,0.4,0,0,1,1
529,0114201,0.324099928,71875.0,0.365853667,43.0,0.0,1,1,1,1
530,035000,0.294072032,65600.0,0.397435904,17.3,0.3333333333333333,0,0,1,1
531,022700,0.101128332,142034.0,0.138072848,9.4,0.2432432432432432,0,0,0,0
532,014500,0.137372658,115720.0,0.111556061,10.9,0.3333333333333333,0,0,0,0
533,013300,0.027898654,250001.0,0.04180602,3.7,0.15,0,0,0,0
534,036100,0.457653582,39080.0,0.447889745,30.0,0.1428571428571428,0,0,1,1
535,021100,0.1774472,92500.0,0.254098356,11.8,0.6666666666666666,0,0,0,0
536,041200,0.282766163,101538.0,0.25469169,17.5,0.4,0,0,0,0
537,090000,0.477190942,36429.0,0.53014791,40.6,0.2352941176470588,0,0,1,1
538,0111800,0.343119442,70587.0,0.497826099,30.7,0.625,0,0,1,1
539,0116800,0.280075788,49000.0,0.305514157,25.5,0.4444444444444444,0,0,1,1
540,059402,0.122336164,106667.0,0.148402944,6.1,0.2592592592592592,0,0,0,0
541,016000,0.191537321,97650.0,0.117245659,15.3,0.2619047619047619,0,0,0,0
542,018200,0.233177483,74028.0,0.246167719,18.8,0.625,0,0,0,0
543,043000,0.266034484,49961.0,0.26683718,27.2,0.35,0,0,1,1
544,030500,0.148107633,100976.0,0.12281879,17.2,0.1904761904761904,0,0,0,0
545,088200,0.1928882,60152.0,0.232829377,14.9,0.4444444444444444,0,0,0,0
546,029200,0.275381923,50708.0,0.302463055,18.2,0.3,0,0,1,1
547,042600,0.268034786,77951.0,0.276515156,29.7,0.3478260869565217,0,0,1,1
548,045400,0.191077396,113875.0,0.32135728,21.9,0.6666666666666666,0,0,0,0
549,029500,0.21793057,64705.0,0.132075474,19.9,0.3333333333333333,0,0,0,0
550,0501,0.046668362,214583.0,0.062047571,5.4,0.3636363636363636,0,0,0,0
551,089600,0.409203976,57639.0,0.506808758,26.0,0.3571428571428571,0,0,1,1
552,019100,0.08495234,137373.0,0.031523641,20.9,0.0769230769230769,1,0,0,1
553,031500,0.203440428,59167.0,0.159808233,14.2,0.4285714285714285,0,0,0,0
554,05000,0.03464859,160125.0,0.033126295,3.3,0.0,1,1,0,1
555,039600,0.177817091,86184.0,0.180834621,16.9,0.6,0,0,0,0
556,039800,0.225937828,72317.0,0.271807849,23.9,0.2727272727272727,0,0,1,1
557,093000,0.152403906,95368.0,0.11186114,11.4,0.1666666666666666,0,0,0,0
558,0112200,0.32184872,48125.0,0.232055753,24.9,0.3333333333333333,0,0,1,1
559,0102600,0.092543088,101218.0,0.090042375,4.2,0.5,0,0,0,0
560,027700,0.316675544,65429.0,0.309750289,28.0,0.625,0,0,1,1
561,074800,0.195899665,135417.0,0.175182477,16.4,0.5,0,0,0,0
562,076600,0.144532263,73549.0,0.134897366,13.9,1.0,0,0,0,0
563,030700,0.429205239,42718.0,0.403156847,48.6,0.1428571428571428,0,0,1,1
564,07700,0.105095364,208064.0,0.135558307,5.8,0.2580645161290322,0,0,0,0
565,06500,0.049825564,187381.0,0.0,5.3,0.2105263157894736,0,0,0,0
566,06200,0.152034044,129063.0,0.123943664,16.0,0.1818181818181818,0,0,0,0
567,042200,0.2433144,66354.0,0.178368121,17.2,0.4583333333333333,0,0,0,0
568,090600,0.601221561,31451.0,0.790857136,49.9,0.2903225806451613,0,0,1,1
569,049200,0.336584747,67695.0,0.231535271,25.8,0.2916666666666667,0,0,1,1
570,026400,0.252531558,59861.0,0.287068367,13.7,0.3333333333333333,0,0,0,0
571,04500,0.017337849,208125.0,0.006393862,3.4,0.2307692307692307,0,0,0,0
572,044500,0.227659225,71825.0,0.213028163,22.4,0.3125,0,0,0,0
573,055100,0.120383874,94375.0,0.109739974,12.5,0.1,0,0,0,0
574,022900,0.129846707,118375.0,0.163417429,16.7,0.2857142857142857,0,0,0,0
575,0112400,0.282626033,53996.0,0.31435445,24.7,0.6,0,0,1,1
576,030600,0.2428554,52351.0,0.196232334,21.6,0.0,1,1,0,1
577,030900,0.219945088,85673.0,0.242610842,21.4,0.0,1,1,0,1
578,05601,0.071805425,107411.0,0.061611373,7.6,0.3333333333333333,0,0,0,0
579,083400,0.170564651,79432.0,0.112847224,16.2,0.3333333333333333,0,0,0,0
580,0122000,0.306646556,48906.0,0.293901891,23.8,0.4666666666666667,0,0,1,1
581,013600,0.133521721,121516.0,0.081254452,14.6,0.3125,0,0,0,0
582,013700,0.083285086,173333.0,0.106815204,12.7,0.09375,0,0,0,0
583,016200,0.066236019,130729.0,0.052447554,9.8,0.25,0,0,0,0
584,051700,0.082890563,217917.0,0.018685121,9.2,0.2631578947368421,0,0,0,0
585,051800,0.12803936,66369.0,0.082682289,11.0,0.6,0,0,0,0
586,095400,0.128001168,104042.0,0.128807113,9.1,0.2727272727272727,0,0,0,0
587,096200,0.131541029,83894.0,0.158562362,13.6,0.4285714285714285,0,0,0,0
588,096800,0.12808682,88234.0,0.08747045,11.1,0.2,0,0,0,0
589,023100,0.134518906,117471.0,0.210942253,9.4,0.25,0,0,0,0
590,042400,0.3064394,71523.0,0.334507048,20.4,0.0,1,1,1,1
591,041000,0.189353094,73317.0,0.123613313,22.2,0.0,1,1,0,1
592,069200,0.037881885,139276.0,0.053699285,1.1,0.5,0,0,0,0
593,087200,0.263998181,57330.0,0.122605361,19.6,0.0,1,1,0,1
594,07200,0.350039423,42295.0,0.402646512,38.6,1.0,0,0,1,1
595,044800,0.16493082,66350.0,0.117231637,21.5,0.5,0,0,0,0
596,04600,0.07693477,195208.0,0.03717472,3.6,0.75,0,0,0,0
597,025901,0.287354469,58600.0,0.300279319,20.1,0.0,1,1,1,1
598,022400,0.324487954,51682.0,0.337404579,33.3,0.6363636363636364,0,0,1,1
599,058600,0.230579749,74375.0,0.24686192,15.7,0.2,0,0,0,0
600,028700,0.331038207,51116.0,0.30105105,26.2,0.2272727272727272,0,0,1,1
601,021300,0.212747365,63269.0,0.167015702,17.5,0.4,0,0,0,0
602,033100,0.278091252,75405.0,0.257216156,12.9,0.8,0,0,0,0
603,048400,0.249318719,57335.0,0.20120725,31.0,0.5,0,0,1,1
604,0112000,0.314338148,57813.0,0.381081074,34.9,0.2307692307692307,0,0,1,1
605,040800,0.108500339,113364.0,0.129086331,13.0,0.4285714285714285,0,0,0,0
606,019500,0.091894969,120125.0,0.036116045,9.1,0.1818181818181818,0,0,0,0
607,0152200,0.057373442,197008.0,0.114139691,14.0,0.2083333333333333,0,0,0,0
608,053800,0.177233681,86250.0,0.312822908,22.1,0.4666666666666667,0,0,0,0
609,077600,0.156686112,86607.0,0.08478383,8.7,0.4,0,0,0,0
610,01300,0.08677908,175417.0,0.0,28.4,0.3333333333333333,0,0,0,0
611,086200,0.194892526,51964.0,0.130262107,28.7,0.3846153846153846,0,0,0,0
612,011800,0.239315942,55406.0,0.152512997,24.4,0.1724137931034483,0,0,0,0
613,035602,0.171970367,62500.0,0.269996375,12.3,0.0,1,1,0,1
614,023500,0.419537961,43309.0,0.297693908,31.9,0.5454545454545454,0,0,1,1
615,031702,0.091025963,103056.0,0.05741325,10.3,0.4285714285714285,0,0,0,0
616,080000,0.092250705,115469.0,0.09923131,7.6,0.2,0,0,0,0
617,04700,0.055468474,219097.0,0.046258502,7.7,0.0,1,1,0,1
618,0115800,0.337384105,64226.0,0.386965364,23.3,0.0,1,1,1,1
619,016900,0.142655656,130583.0,0.106413998,8.1,0.16,0,0,0,0
620,032300,0.198106959,93580.0,0.105263159,17.5,0.3,0,0,0,0
621,014700,0.132441744,131964.0,0.058558557,16.1,0.8,0,0,0,0
622,03900,0.098619476,192361.0,0.124271847,5.2,0.4375,0,0,0,0
623,05800,0.153285801,76213.0,0.111698113,24.1,0.1923076923076923,0,0,0,0
624,057000,0.106985763,87130.0,0.114080831,8.7,0.0,1,1,0,1
625,043700,0.29325667,57458.0,0.20623377,25.1,0.5,0,0,1,1
626,075800,0.213737473,65991.0,0.289256185,5.6,0.25,0,0,0,0
627,090800,0.670221925,22050.0,0.579147637,70.0,0.2608695652173913,0,0,1,1
628,089000,0.254694223,54656.0,0.362771749,22.2,0.4,0,0,1,1
629,012600,0.212834641,57844.0,0.163895488,20.5,0.6363636363636364,0,0,0,0
630,015000,0.090287253,81083.0,0.034257747,10.5,0.1428571428571428,0,0,0,0
631,015900,0.042080455,250001.0,0.008543357,6.4,0.064516129032258,1,0,0,1
632,056500,0.13022092,106454.0,0.099942893,8.1,0.3076923076923077,0,0,0,0
633,034000,0.547075093,27199.0,0.552547753,42.2,0.1666666666666666,0,0,1,1
634,046000,0.224770889,76667.0,0.188857406,22.5,0.2857142857142857,0,0,0,0
635,086000,0.130400911,74934.0,0.079819277,13.6,0.2666666666666666,0,0,0,0
636,036300,0.454839081,35426.0,0.454123706,28.1,0.3,0,0,1,1
637,076000,0.231392786,96500.0,0.239819005,14.5,0.0,1,1,0,1
638,041401,0.242982894,67833.0,0.12808989,29.6,0.4,0,0,0,0
639,060000,0.130224645,112308.0,0.136291593,10.2,0.2352941176470588,0,0,0,0
640,030800,0.200571179,74667.0,0.271481931,13.7,0.25,0,0,0,0
641,017600,0.190668121,87596.0,0.179633871,20.1,0.4,0,0,0,0
642,036600,0.361900479,62938.0,0.299298525,35.0,0.5,0,0,1,1
643,05201,0.227838039,158281.0,0.350622416,29.4,0.0,1,1,0,1
644,07500,0.035792634,176815.0,0.016851228,6.1,0.131578947368421,0,0,0,0
645,087600,0.29980427,63088.0,0.319316685,20.6,0.0,1,1,1,1
646,03500,0.098215275,141406.0,0.085201792,8.1,0.25,0,0,0,0
647,081600,0.21760729,67308.0,0.256999999,16.2,0.2,0,0,0,0
648,069000,0.128567323,115491.0,0.146911517,9.8,0.4,0,0,0,0
649,051900,0.030272882,190338.0,0.013837327,5.7,0.2,0,0,0,0
650,067600,0.129690349,85357.0,0.126605511,11.4,0.5714285714285714,0,0,0,0
651,0301,0.047019392,250001.0,0.025755879,11.5,0.0,1,1,0,1
652,025500,0.578051567,24483.0,0.624094188,43.6,1.0,0,0,1,1
653,023800,0.415715843,38000.0,0.335834891,34.2,0.3571428571428571,0,0,1,1
654,096400,0.129596666,106397.0,0.129161119,9.3,0.3333333333333333,0,0,0,0
655,0112600,0.269387424,65938.0,0.219406679,27.8,0.5454545454545454,0,0,1,1
656,024400,0.280976921,50357.0,0.222693533,41.0,0.8,0,0,1,1
657,026900,0.213463292,87572.0,0.223632038,20.7,0.25,0,0,0,0
658,044400,0.300013125,62215.0,0.272495747,21.4,0.25,0,0,1,1
659,028100,0.46004951,29771.0,0.381294966,42.5,0.6153846153846154,0,0,1,1
660,029000,0.356300503,51953.0,0.345442951,19.1,0.0,1,1,1,1
661,042700,0.290843159,42421.0,0.225576296,36.0,0.2727272727272727,0,0,1,1
662,0101200,0.139130056,89485.0,0.130034521,11.3,0.25,0,0,0,0
663,055000,0.168958098,88667.0,0.19674556,14.5,0.625,0,0,0,0
664,016300,0.124525882,161327.0,0.0815534,11.5,0.2857142857142857,0,0,0,0
665,026600,0.246488526,49236.0,0.20483005,13.4,0.2666666666666666,0,0,0,0
666,039700,0.292410165,62438.0,0.281596452,32.1,0.625,0,0,1,1
667,010200,0.221261278,58388.0,0.218649521,23.1,0.3225806451612903,0,0,0,0
668,082600,0.216747984,64719.0,0.252830178,12.8,0.3,0,0,0,0
669,023400,0.552031875,31938.0,0.509661853,52.1,0.4,0,0,1,1
